id,price_gt_1M,status_group
13473,0,0
9626,0,0
21376,0,0
9036,0,0
1007,0,0
3294,0,0
18747,0,0
13705,0,0
4404,0,0
17853,0,0
306,0,0
20737,0,0
12432,0,0
15047,0,0
1363,0,0
13066,0,0
18073,0,0
735,0,0
15421,0,0
17609,0,0
15825,0,0
16802,0,0
17396,0,0
1164,1,1
12930,0,0
10952,0,0
20993,0,0
12252,0,0
1314,0,0
12281,0,0
2654,0,0
4973,0,0
12297,0,0
9764,0,0
3735,1,1
13311,0,0
2587,0,0
16466,0,0
15440,0,0
12151,0,0
16794,0,0
7791,0,0
1201,0,0
2760,0,0
11450,0,0
15333,0,0
1940,0,0
6933,0,0
11705,0,0
5957,0,0
18563,0,0
14121,0,0
17356,0,1
17927,0,0
13580,0,0
17009,0,0
1534,0,0
7422,0,0
3992,0,0
7826,0,0
5555,0,0
5189,0,0
16128,0,0
7040,0,0
3602,0,0
4956,0,0
5273,0,0
250,0,0
8289,0,0
13711,0,0
7505,0,0
806,0,0
4455,0,0
9215,1,0
8956,0,0
14026,0,0
10451,0,0
12048,0,0
2611,0,0
19025,0,0
4937,1,0
10121,0,0
373,0,0
10221,0,0
13470,1,1
15199,0,0
19661,0,0
13248,0,0
18189,0,0
7691,0,0
21113,0,0
2918,0,0
16452,0,0
4197,0,0
4651,0,0
20366,0,0
16888,0,1
7089,0,0
15845,0,0
11783,0,0
20660,0,0
9290,0,0
14776,0,0
2284,0,0
14807,0,0
18749,0,0
19353,0,0
3824,0,0
15502,0,0
1161,1,1
14314,0,0
20571,0,0
8845,0,0
2554,0,0
1535,0,0
16269,0,0
5489,0,0
1382,0,0
21009,0,0
10901,0,0
12591,1,0
487,0,0
15198,0,0
9664,1,1
1015,0,0
10692,0,0
7537,0,0
19377,0,0
6079,1,0
9613,0,0
11947,1,1
2600,0,0
9709,0,0
11096,0,0
19894,0,0
3789,0,0
574,0,0
3066,0,0
17872,0,0
3557,0,0
17608,0,0
21419,0,0
18709,0,0
16110,0,1
13485,0,0
7384,0,0
1900,0,0
10432,0,0
17615,0,0
14078,0,1
2957,0,0
13871,0,0
11421,1,0
5764,0,0
19397,0,0
8553,0,0
7838,0,0
12986,0,0
6382,0,0
6955,0,0
11816,0,0
20907,0,0
16035,0,0
267,0,0
15597,0,0
10073,0,0
18584,0,0
4950,0,0
48,0,0
14070,0,0
1031,1,1
3932,0,0
15429,0,0
14690,0,0
10827,0,0
2591,0,0
13900,0,0
17103,0,0
1652,0,0
16763,0,0
17576,0,0
11996,0,0
21491,0,0
4520,0,0
18511,1,1
7382,0,0
3149,0,0
4401,1,0
6543,0,0
6737,0,0
18537,0,0
20781,0,0
2250,0,0
9229,0,0
16152,0,0
18358,0,0
6851,0,0
4766,0,0
20375,0,0
7939,0,0
10434,0,0
20281,0,0
18455,1,1
9536,0,0
16400,0,0
3341,0,0
4510,0,0
13622,0,0
1852,0,0
12463,0,0
5667,1,1
21535,0,0
7407,0,0
17264,0,0
12521,0,0
2470,0,0
3959,0,0
15672,0,0
15011,0,0
6313,0,0
10661,0,0
10702,0,0
2978,0,0
18962,0,0
9236,0,0
304,0,0
5372,0,0
5107,0,0
14488,0,0
6226,0,0
13080,0,0
18784,0,0
10152,0,0
895,0,0
3418,0,0
10637,0,1
19036,0,0
7620,0,0
21433,0,0
1389,0,0
10437,0,0
15715,0,0
984,0,0
19652,0,0
1034,0,0
9088,0,0
20920,1,1
14940,1,1
11465,1,0
7914,0,0
18831,0,0
5653,0,0
11296,0,0
17400,0,0
14315,0,0
8150,0,0
6354,0,0
4701,1,1
9767,0,0
16250,0,0
7600,0,0
7529,0,0
16667,0,0
14230,0,0
10929,0,0
3681,0,0
17976,0,0
11437,0,0
6695,0,0
17069,0,0
19561,0,0
7550,1,0
4231,0,0
3348,0,0
19746,0,0
7301,0,0
3710,0,0
2471,0,0
16736,1,1
917,0,0
14127,0,0
7187,0,0
14553,0,0
14222,0,0
11388,0,0
11634,0,0
3677,0,0
4941,0,0
9009,0,0
20335,0,0
19823,1,1
4774,0,0
16285,0,0
14209,0,0
8312,0,0
17049,0,0
17180,1,1
9257,0,0
6422,0,0
13743,0,0
21480,0,0
15161,0,0
2396,0,0
21278,0,0
664,0,0
20792,0,0
11195,0,0
13081,0,0
17399,0,0
2379,0,0
17564,0,0
9362,0,0
5905,0,0
14640,0,0
13327,0,0
2491,0,0
15954,0,0
21565,0,0
9082,0,0
17791,0,0
20378,0,0
19204,0,0
16382,0,0
20833,0,0
11013,1,0
1759,0,0
16183,0,0
12953,0,0
4925,0,0
19932,0,0
10314,0,0
17031,0,0
18272,0,0
10087,0,0
5929,0,0
11968,0,0
513,0,0
2931,1,0
12774,0,0
19769,0,0
16830,0,0
4072,0,0
9964,0,0
16497,0,0
11260,0,0
15764,1,1
4630,0,0
1860,0,0
4078,0,0
8571,0,0
12826,1,0
10419,0,0
16696,0,0
6996,0,0
11844,0,1
2925,0,0
9412,0,0
1885,0,0
16424,0,0
10604,0,0
1082,0,0
13027,0,1
20356,0,0
2363,0,0
17306,1,0
4802,0,0
162,0,0
15395,0,0
20352,0,0
2940,0,0
14149,0,0
4547,0,0
17494,0,0
7500,0,0
6315,0,0
14971,1,0
5546,0,0
7199,0,0
7212,0,0
7098,0,0
20391,0,0
12771,0,0
15572,0,0
10787,0,0
2335,0,0
6443,0,0
18945,0,0
21256,0,0
19078,0,0
482,0,0
19480,0,0
11861,0,0
13336,0,0
8538,0,0
16179,0,0
7252,1,1
11100,0,0
9305,1,1
2721,0,0
2669,0,0
16563,0,0
6452,0,0
16631,0,0
1099,0,0
1546,0,0
11987,0,0
12927,0,0
18500,0,0
3953,0,0
3712,0,0
6089,0,0
20105,0,0
9555,0,0
8367,0,0
11527,0,0
8075,0,0
11877,0,0
21029,0,0
2629,0,0
3229,1,0
10469,1,0
20502,0,0
7069,0,0
19723,0,0
20596,0,0
4758,0,0
18114,0,0
4959,1,1
6311,0,0
6850,0,0
20824,1,0
14932,0,0
4016,0,0
10629,0,0
4150,0,0
12411,0,0
11449,0,0
10076,0,0
1994,0,0
476,0,0
20144,1,0
17388,0,0
18599,0,0
21057,0,0
5830,0,0
641,0,0
2695,0,0
13721,0,0
12396,0,0
20287,0,0
17286,0,0
21294,0,0
12911,0,1
1525,0,0
611,0,0
5611,0,0
13513,0,0
2509,0,0
6975,0,0
683,0,0
20802,0,0
14248,0,0
5547,0,0
16516,0,0
2576,0,0
8200,0,0
4298,1,0
16566,0,0
8957,0,0
13209,0,0
7453,0,0
6544,0,0
14669,0,1
19810,0,0
8673,1,0
1469,0,0
6288,0,0
8714,0,0
5740,0,0
20338,0,0
17416,0,0
17032,0,0
21237,0,0
20940,0,0
11088,0,0
5502,0,0
1178,0,0
6180,0,0
5928,0,0
2786,0,0
13784,0,0
2742,0,0
15431,1,0
19981,1,0
4199,0,0
1548,0,0
12240,0,0
15287,0,0
10860,0,0
11851,0,0
9616,0,0
15506,0,0
5769,1,1
18226,1,1
10241,0,0
11362,0,1
5675,1,0
4635,1,1
1170,0,0
2179,1,1
4274,0,0
14372,0,0
20589,0,0
9949,0,0
4130,0,0
11742,0,0
17475,0,0
15533,0,0
1196,0,0
6078,0,0
11819,0,0
16787,0,0
18931,0,0
21150,1,1
2357,0,0
6574,0,0
95,0,0
5978,0,0
5719,0,0
13959,0,0
19479,0,1
2044,0,0
7683,0,0
19289,0,0
3898,0,0
20171,0,0
4077,0,0
7991,0,0
13423,0,0
407,0,0
20999,0,0
2766,0,0
13159,0,0
4453,0,0
11952,1,1
698,0,0
3150,0,0
11981,0,0
3400,0,0
4366,0,0
1052,1,0
4179,0,0
9873,0,0
2715,0,0
10245,0,0
13543,0,0
7025,0,0
12876,0,0
14177,0,0
18053,0,0
19323,1,1
10742,0,0
5223,0,0
18504,0,0
12864,0,0
21213,0,0
8672,0,0
14218,0,0
14310,0,0
20006,0,0
21458,0,0
4340,0,0
6832,0,0
1362,0,0
13429,0,0
14506,0,0
1364,0,0
11251,0,0
5364,0,0
1910,0,0
6283,0,0
6154,0,1
3573,0,0
10819,0,0
6166,0,0
14783,0,0
7665,0,0
3575,0,0
16042,0,0
10610,0,0
17312,1,1
17632,0,0
4409,0,0
19295,0,0
6026,0,0
3167,0,0
8247,0,0
9134,0,0
11588,0,0
15704,0,0
17631,0,0
8703,0,0
8258,0,0
16120,1,1
13648,0,0
6518,1,0
9081,0,0
19143,0,0
12364,1,0
1083,0,0
9989,0,0
17252,0,0
12301,0,0
14951,0,0
4994,0,0
16985,0,0
3791,0,0
16376,0,0
11222,0,0
7118,0,0
8869,0,0
21537,0,0
10142,0,0
8232,0,0
21358,0,0
3382,0,0
19037,0,0
17303,0,0
17871,0,0
18573,0,0
17277,0,0
11930,0,0
1312,0,0
21035,0,0
13163,1,1
7157,0,0
18562,0,0
15065,0,0
13727,0,0
16247,0,0
2166,0,0
12083,0,0
17755,0,0
6431,0,0
2747,0,0
21370,0,0
11989,0,0
3426,0,0
77,0,0
16605,0,0
1248,0,0
3715,0,0
3353,0,0
13296,0,0
20791,0,0
17713,0,0
2513,0,0
17633,0,0
17294,0,0
5976,0,0
4865,0,0
19019,0,0
18489,0,0
17058,0,0
19970,0,0
19495,0,0
10277,0,0
11911,0,0
12257,0,0
5242,0,0
1166,0,0
2667,0,0
10453,0,0
18917,0,0
11694,0,0
15890,0,0
2842,0,0
20731,0,0
17216,0,0
8435,0,0
21582,0,0
3410,0,0
2548,0,0
21056,0,0
3798,0,0
8691,0,0
2016,0,0
12908,0,0
1333,0,0
10468,1,1
6972,0,0
1868,0,0
9418,0,0
1653,0,0
17571,0,0
8857,0,0
14570,0,0
19738,0,0
13397,0,0
3352,1,0
14998,0,0
1218,0,0
792,1,1
11397,0,0
11300,0,0
1317,0,0
1043,0,0
6038,0,0
3655,0,0
9296,0,0
6866,1,1
10927,0,0
19569,0,0
1322,0,0
16069,0,0
3633,0,0
6506,0,0
16305,0,0
3126,0,0
18957,1,0
6479,0,0
19696,0,0
1725,0,0
2630,0,0
9313,0,0
7849,0,0
11010,0,0
17680,0,0
3050,0,0
17634,0,0
14166,0,0
11456,0,0
20160,0,0
5054,1,0
8617,0,0
107,0,0
8921,0,0
14600,0,0
1180,0,0
7950,0,0
14914,0,0
11180,0,0
1157,0,0
7033,0,0
3214,0,0
1701,0,0
13924,0,0
13325,0,0
9840,1,1
8303,0,0
11703,0,0
18430,0,0
6896,0,0
17495,0,0
2008,0,0
7641,0,0
14283,0,0
16846,0,0
15442,0,0
20975,0,0
18002,0,0
6548,0,0
11073,1,1
20846,0,0
18289,0,0
2297,0,0
19790,1,1
16567,1,1
2023,1,1
21403,0,0
11160,0,0
10626,0,0
16422,0,0
768,0,0
21136,0,0
832,0,0
4444,0,0
3046,0,0
18084,0,0
12202,0,0
4155,0,0
10102,0,0
13527,0,0
6881,0,0
17183,0,0
11778,0,0
6952,1,1
11992,0,0
18345,0,0
20066,0,0
7764,0,0
9910,0,0
1455,0,0
6152,0,0
13886,0,0
15827,0,0
9791,0,0
9372,0,0
2886,0,0
14106,0,0
138,0,0
4425,0,0
8904,0,0
5332,0,0
3428,0,0
12259,0,0
16987,0,0
10867,0,0
15338,0,0
4303,0,0
16836,0,0
27,0,0
10058,0,0
4240,0,0
11319,0,0
16141,0,0
19385,0,0
8893,0,0
1882,1,0
13821,0,0
2212,0,0
13305,0,0
6510,0,0
1373,0,0
19546,0,0
7105,0,0
1782,0,0
12831,0,0
20497,0,0
6418,0,0
13471,0,0
12815,0,0
16189,0,0
19148,1,1
4920,0,0
8892,0,0
21062,0,0
11071,0,0
17774,0,0
13710,1,1
19609,0,0
18816,0,0
12273,0,0
4769,0,0
14590,0,0
1655,0,0
19062,0,0
5483,0,0
2134,0,0
6090,0,0
16492,0,0
11292,0,0
7808,0,0
9763,0,0
13036,0,0
8226,0,0
11294,0,0
10541,1,0
20467,0,0
9956,0,0
20058,0,0
5503,0,0
2095,0,0
12144,0,0
10023,0,0
4569,0,0
10775,0,0
15643,0,0
9328,0,0
15088,0,0
20774,0,0
10120,0,0
8596,0,0
11303,0,0
5605,0,0
418,0,0
14203,0,0
6763,0,0
15062,0,0
15436,0,0
10878,0,0
1552,0,0
12084,0,0
13609,0,0
9056,0,0
18557,0,0
381,0,1
11212,0,0
3968,0,0
15063,0,0
8798,0,0
3203,0,0
16760,0,0
20351,0,0
16498,0,0
5919,0,0
5382,0,0
18896,0,0
21068,0,0
18736,0,0
14885,0,0
5666,1,1
9942,0,0
1470,0,0
489,1,0
19441,0,0
4280,0,0
20631,0,0
16646,0,0
11229,0,0
481,0,0
3667,0,0
7885,0,0
9857,0,0
14122,0,0
10838,0,0
10544,0,0
8439,0,0
2539,0,0
3354,0,0
14397,0,0
12061,0,0
2433,0,0
9142,0,0
16470,0,0
16977,0,0
18075,1,1
12370,1,1
7412,0,0
13903,0,0
1937,0,0
17687,0,0
15551,0,0
17147,0,0
7411,0,0
11650,0,0
14128,0,0
10524,0,0
7154,0,0
10633,1,1
8799,0,0
11191,0,0
21291,0,0
213,0,0
2453,0,0
776,0,0
18445,0,0
3805,0,0
14306,0,0
18620,0,0
10948,0,0
4988,0,0
3274,0,0
7893,0,0
6871,0,0
20809,0,0
13982,0,0
15030,0,0
19845,0,0
9289,0,0
13870,0,0
15860,0,0
6114,0,0
6209,0,0
13887,0,0
4676,0,0
6365,0,0
9792,0,0
4976,0,0
7005,0,0
2101,0,0
19259,0,0
17887,0,0
12199,1,1
6521,0,0
12488,0,0
10920,0,0
8868,0,0
9168,0,0
592,0,0
8762,0,0
11028,0,0
15880,0,0
16174,0,0
10808,0,0
9902,0,0
4353,0,0
6882,0,0
11906,0,0
3962,0,0
9354,0,0
11304,0,0
14233,1,0
14419,1,1
16207,0,0
2815,0,0
13945,0,0
4249,0,0
11975,1,1
14076,0,0
3908,0,0
1054,0,0
4194,0,0
18853,0,0
10897,0,0
7873,0,0
8706,0,0
18789,0,0
12082,0,0
3967,0,0
4430,1,1
18470,0,0
18146,1,1
7751,0,0
8138,0,0
16854,0,0
2276,0,0
12038,0,0
9683,0,0
5553,0,0
14109,0,0
903,0,0
14327,0,0
18307,0,0
7079,0,0
7686,0,0
6151,0,0
16228,0,0
20538,0,0
13734,0,0
891,1,0
4534,0,0
1125,0,0
19178,0,0
557,0,0
11967,0,0
2106,0,0
19803,0,0
16088,0,0
17232,0,0
15056,0,0
16414,0,0
14329,0,0
9437,0,0
4279,0,0
2139,0,0
20518,1,0
5075,0,0
8675,0,0
4910,0,0
21346,0,0
20936,0,0
6724,0,0
14417,0,0
21188,0,0
1732,1,1
21022,0,0
9453,0,0
21347,0,0
12002,0,0
11646,0,0
2521,0,0
13484,0,0
2811,0,0
8416,0,0
7254,1,0
17652,0,0
4735,0,0
10985,0,0
17189,0,1
6277,0,0
20702,0,0
16529,0,0
17712,0,0
707,0,0
49,1,1
4822,0,0
13013,0,0
14845,0,0
10063,0,0
14801,0,0
7918,0,0
18293,0,0
14688,0,0
7823,0,0
3501,0,0
18707,0,0
14165,0,0
10054,0,0
11003,0,0
20252,1,0
3024,0,0
5796,0,0
13555,0,0
4551,0,0
7440,0,0
19253,0,0
8737,0,0
15554,0,0
10577,0,0
13184,0,0
12830,0,0
14565,0,0
16100,1,1
11846,0,0
2927,0,0
15650,0,0
372,0,0
1558,0,0
9937,0,0
11020,0,0
4019,0,0
3054,0,0
11574,1,1
16148,0,0
6457,0,0
9351,0,0
17241,0,0
10158,0,0
897,0,0
5886,1,0
14735,0,0
21320,0,0
425,0,0
20046,0,0
14323,0,0
12300,0,0
8184,0,0
4541,0,0
1870,0,0
15921,0,0
6879,0,0
5548,0,0
10761,0,0
17624,0,0
5250,0,0
3082,0,0
5931,0,0
2774,0,0
9204,1,0
12315,0,1
20369,1,0
8047,1,0
20148,0,0
14912,0,0
10430,0,0
12450,0,0
11776,0,0
12255,0,0
2848,0,0
16922,0,0
8338,0,0
18050,0,0
5582,0,0
12706,0,0
12441,0,0
19731,0,1
8070,0,0
13266,0,0
13612,0,0
18881,0,0
8160,0,0
7106,0,0
10620,0,0
6913,1,0
3153,1,1
11692,1,0
142,0,0
9205,0,0
8861,0,0
1498,1,0
19043,0,0
20143,1,0
13501,0,0
14066,0,0
19028,0,0
18407,0,0
14063,0,0
15289,0,0
12057,0,0
16748,0,0
16845,0,0
10997,0,0
820,0,0
9582,0,0
20255,0,0
998,0,0
887,0,0
5949,0,0
3656,0,0
11315,0,0
21348,0,0
14060,0,0
20828,1,1
17955,0,0
11492,0,0
7466,0,0
13917,0,0
3980,0,0
11704,0,0
500,0,0
5947,0,0
21595,0,0
19066,0,0
3320,0,0
5602,0,0
13272,0,0
6292,0,0
9254,1,1
7787,0,0
3901,0,0
509,1,1
6133,0,1
2905,0,0
12469,0,0
2405,0,0
5714,0,0
1656,0,0
2917,0,0
17086,0,0
17656,0,0
14533,0,0
9775,1,0
7262,0,0
14793,0,0
5010,0,0
12573,0,0
7474,0,0
19185,0,0
9565,0,0
5836,0,0
9182,0,0
554,0,0
14243,0,0
21174,0,0
10028,0,0
20561,0,0
4180,0,0
15581,0,0
1395,0,0
901,0,0
15588,0,0
13910,0,0
18351,0,0
17730,0,0
40,0,0
8652,0,0
10333,0,0
15278,0,0
15205,0,0
20242,0,0
5212,0,0
4102,0,0
12785,0,0
11339,0,0
7868,1,1
5007,0,0
11687,0,0
8801,0,0
17881,0,0
4935,0,0
19840,0,0
1762,0,0
388,0,0
17711,0,0
13292,0,0
1504,1,1
19192,0,0
14142,0,0
18332,0,0
1694,0,0
14834,0,0
12673,0,0
5124,0,0
948,0,0
18282,0,0
911,0,0
21375,1,1
2457,0,0
6781,0,0
2320,1,1
15171,0,0
13371,0,0
14523,0,0
17382,0,0
4629,0,0
13864,0,0
3567,0,0
9084,0,0
10542,0,0
7240,0,0
15644,0,0
19741,0,0
7644,1,1
10130,0,0
5615,0,0
15873,0,0
6665,0,0
4261,0,0
16019,0,0
15797,0,0
20341,0,0
2351,0,0
11726,0,0
7295,0,0
5629,0,0
12544,0,0
1964,0,0
17369,0,0
16439,0,0
8803,0,0
4911,0,0
19687,0,0
11800,0,0
5153,0,0
7684,0,0
5940,0,0
6360,0,0
13324,0,0
5531,0,0
18270,0,0
12501,0,0
18790,0,0
3740,0,0
7539,0,0
6493,0,0
8643,0,0
5746,0,0
1403,0,0
19127,0,0
6473,0,0
19201,0,0
8573,0,0
18832,0,0
9756,0,0
3384,1,1
18333,0,0
10001,0,0
12660,0,0
1522,0,0
12891,0,0
1582,0,0
18000,0,0
4364,0,0
12764,0,0
9034,0,0
14997,0,0
11011,0,0
17425,0,0
20633,0,0
17647,1,1
9770,0,0
43,0,0
13378,0,0
17589,0,0
4552,0,0
20501,1,0
10781,0,0
15314,0,0
17188,0,0
21440,0,0
13965,0,0
10156,0,0
18669,0,0
13675,1,1
16694,1,0
7778,0,0
10607,0,0
20385,0,0
19737,0,0
8623,0,0
2560,0,0
12922,0,0
2502,0,0
19758,1,1
2002,0,0
19431,0,0
1006,0,0
8711,0,0
15816,0,0
11686,1,0
11341,0,0
2914,0,0
12204,1,0
5066,0,0
20836,0,0
6062,0,0
7962,0,0
5053,0,0
16004,1,0
10403,0,0
7730,1,1
3892,0,0
10398,0,0
3346,0,0
11935,0,0
20296,0,1
6337,0,0
12609,1,1
20178,0,0
1327,0,0
12933,0,0
7902,0,0
11001,0,0
12840,0,0
8696,0,0
10591,0,0
8178,0,0
6249,0,0
12110,0,0
5219,0,0
14055,0,0
15261,0,0
4708,0,0
1556,0,0
3970,0,0
10653,0,0
7970,0,0
8842,0,0
6405,0,0
13039,0,0
6813,0,0
1881,0,0
17788,0,0
7887,0,0
6603,0,0
13197,0,0
7028,0,0
19743,0,0
11796,0,0
15453,0,0
16429,0,0
14650,0,0
4344,0,0
6596,0,0
14774,1,1
1998,0,0
10968,0,0
6581,0,0
15653,0,0
9958,0,0
15212,0,0
15207,0,0
11526,0,0
16423,0,0
8554,0,0
2124,0,0
5684,0,0
19131,0,0
15949,0,0
1245,0,0
11078,0,0
16622,0,1
17896,0,0
12543,0,0
12492,0,0
988,0,0
1554,0,0
2024,0,0
4399,1,1
7563,0,0
18851,0,0
17543,0,0
13779,0,0
13523,0,0
17863,0,0
20619,0,0
11401,0,0
5109,0,0
4581,1,1
9310,0,0
19558,0,0
951,0,0
14979,0,0
17880,0,0
18571,0,0
1637,0,0
1995,0,0
16829,0,0
3564,0,0
14052,1,1
6294,0,0
18605,0,0
17174,0,0
19959,0,0
446,1,0
9103,0,0
10699,0,0
19784,0,0
5040,0,0
19191,0,0
13246,0,0
20540,0,0
2015,0,0
12188,1,1
3941,0,0
17322,0,0
18129,0,0
13464,0,0
21420,0,0
5633,0,0
21555,0,0
17856,0,0
5690,1,0
16346,0,0
7074,0,0
782,0,0
7884,0,0
2141,0,0
10502,0,0
10426,0,0
3307,0,0
6971,0,0
19428,0,0
14421,0,0
7293,0,0
20716,0,0
11774,0,0
10937,0,0
4442,0,0
9378,0,0
20104,0,0
1744,0,0
6186,0,0
6961,0,0
16766,0,0
962,0,0
3878,0,0
7647,0,0
2745,0,0
17381,0,0
15239,0,0
17586,0,0
19252,0,0
20507,0,0
17385,0,0
679,1,1
11995,0,0
14453,0,0
9806,0,0
19474,0,0
19555,0,0
9086,0,0
16910,0,0
17235,1,1
828,0,0
20256,0,0
3381,0,0
16149,0,0
5343,0,0
12646,0,0
13825,0,0
1772,0,0
4330,0,0
9485,0,0
6930,0,0
5879,0,0
9502,0,0
3825,0,0
18111,1,1
486,1,1
5587,0,0
9152,0,0
16483,0,0
333,0,0
2165,0,0
4294,0,0
1019,0,0
9389,0,0
18575,0,0
11328,0,0
19802,0,0
761,0,0
13618,0,0
3893,0,0
14591,0,0
4324,0,0
2221,0,0
7131,0,0
16991,0,0
2114,0,0
15710,0,0
2800,0,0
16084,0,0
3897,0,0
12964,0,0
20415,0,0
12152,0,0
19813,0,0
7048,0,0
4814,0,0
12728,0,0
13995,0,0
10834,0,0
5691,0,0
6471,1,1
11249,0,0
4239,0,0
8380,0,0
9904,0,0
17950,0,0
15427,0,0
15052,0,0
6655,0,0
9594,0,0
7715,0,0
248,0,0
8970,0,0
7819,0,0
17761,0,0
8214,0,0
18516,0,0
20623,1,0
6235,0,0
14527,0,0
7141,0,0
6286,0,0
14235,0,0
18348,0,0
2982,0,0
19017,1,1
1768,1,0
5799,0,0
6450,0,0
8777,0,0
10060,0,0
5877,0,0
7134,0,0
10777,0,0
8169,0,0
1341,0,0
18047,0,0
8920,0,0
13241,0,0
13054,0,0
9824,0,0
6890,0,0
18567,0,0
14200,0,0
16688,0,0
21556,0,0
9997,0,0
1670,0,0
19721,0,0
2397,0,0
808,0,0
5147,0,0
12266,0,0
4684,0,0
13162,0,0
11591,1,0
10632,0,0
4114,0,0
992,0,0
11747,0,0
19507,0,0
11560,0,0
13375,0,0
14482,0,0
5077,0,0
1960,0,0
2522,0,0
4571,0,0
14850,0,0
10700,0,0
18375,0,0
8959,0,0
11016,0,0
8048,0,0
1264,0,0
6678,0,0
13775,0,0
6713,0,0
19587,0,0
1874,0,0
18550,0,0
15464,0,0
3549,0,0
15467,1,1
6796,0,0
19443,0,0
11612,0,0
3237,0,1
8557,0,0
11879,0,0
11729,1,1
15233,0,0
21583,0,0
4308,0,0
15202,0,0
9957,0,0
12221,0,0
9047,0,0
19454,0,1
2104,0,0
15524,0,0
13659,0,0
18844,0,0
17210,0,0
7759,0,0
16685,0,0
20547,0,0
9230,0,0
20117,0,0
15893,0,0
18892,1,0
4267,0,0
13785,0,0
10673,0,0
20835,0,0
1334,0,0
6805,0,0
13088,0,0
18067,0,0
14865,1,0
5052,0,0
15336,0,0
11479,0,0
20381,0,1
3650,0,0
6872,0,0
10323,0,0
17797,0,0
4381,0,0
11133,0,0
8726,0,0
14973,0,0
8491,0,0
1361,1,1
12968,0,0
16053,0,0
2176,0,0
5743,0,0
7717,0,0
3117,0,0
19294,0,0
7719,0,0
14496,0,0
10940,0,0
3990,0,0
13615,0,0
7370,0,0
11402,1,1
15412,0,0
4213,0,0
19375,0,0
18233,0,0
18576,0,0
19947,0,0
4835,0,0
1884,0,0
3870,0,0
16449,0,0
14927,0,0
13366,0,0
19519,0,0
20763,0,0
8325,0,0
9692,0,0
13915,0,0
3590,0,0
10936,0,0
11795,0,0
6557,0,0
540,1,1
227,0,0
17601,0,1
13207,0,0
744,0,0
17088,0,0
13273,0,0
13668,0,0
11757,0,0
18190,0,0
21261,0,0
11927,1,0
16873,0,0
20123,0,0
8197,0,0
3212,0,0
19090,0,0
21044,0,0
9568,0,0
2065,0,0
7469,0,0
14766,0,0
20325,1,1
6903,0,0
12216,0,0
19697,0,0
20372,0,0
9534,0,0
5953,0,0
8867,0,0
3194,0,0
1239,0,0
18949,0,0
16167,0,0
7958,0,0
9547,1,0
21552,0,0
4793,0,0
795,0,0
20816,1,0
17007,0,0
7631,0,0
3834,0,0
11415,0,0
10138,0,0
3015,0,0
8036,0,0
5942,0,0
850,0,0
9835,0,0
9355,0,0
3014,0,0
19946,0,0
18432,1,1
4913,0,0
393,0,0
18007,0,0
10238,0,0
2158,0,0
5389,0,0
6768,0,0
21245,0,0
21049,0,0
15640,0,0
13050,0,0
13952,0,0
21067,0,0
19664,0,0
2719,0,0
10343,0,0
15157,0,0
21353,0,0
14479,0,0
16232,0,0
7493,1,1
15948,0,0
17556,0,0
20938,0,0
17682,0,0
11870,0,1
17002,0,0
7020,0,0
19645,0,0
3833,0,0
670,0,0
20911,0,0
10618,0,0
3684,0,0
9620,0,0
7468,0,0
18947,0,0
15734,0,0
17146,0,0
17818,0,0
4838,0,0
16185,0,0
11034,0,0
2971,0,0
669,1,0
20729,1,1
6206,0,0
10649,0,0
578,0,0
21500,0,0
20068,0,0
5021,0,0
1758,0,0
21486,1,0
7978,0,0
13715,0,0
2112,1,1
16496,0,0
10104,0,0
7508,0,0
12945,0,0
5019,0,0
17754,0,0
8894,0,0
3475,0,0
4337,0,0
2149,0,0
13133,0,0
1946,0,0
6400,0,0
17991,0,0
18530,0,0
13351,0,0
18361,0,0
10365,0,0
13589,0,0
1330,0,0
12957,0,0
546,0,0
7604,0,0
3964,0,0
14097,0,0
5842,0,0
20257,1,0
11913,0,0
2480,0,0
3532,0,0
11652,0,0
1246,0,0
6478,0,0
3464,0,0
14452,0,0
17517,0,0
5289,0,0
3010,0,0
1041,0,0
794,0,0
15095,0,0
20008,0,0
6627,0,0
20696,0,0
11219,0,0
8297,0,0
15804,1,1
19093,0,0
20211,0,0
21409,0,0
18693,0,0
13897,0,0
7319,0,0
10089,0,0
14972,1,1
19924,0,0
20080,0,0
9188,0,0
2441,0,0
18262,0,0
10736,0,0
3605,0,0
17108,0,0
6216,0,0
17209,1,0
11035,0,0
17650,0,0
3244,0,0
20626,0,0
21453,0,0
16805,1,0
12928,0,0
17897,0,1
7437,0,0
19386,0,0
10886,0,0
19446,1,1
3910,0,0
3810,0,0
8976,0,0
8818,0,0
1058,0,0
17585,0,0
17129,0,0
10211,0,0
7796,0,0
8144,0,0
6672,0,0
19310,0,0
17839,0,0
20760,0,0
18122,0,0
10354,0,0
10360,0,0
7378,0,0
6065,0,0
13034,0,0
18725,0,0
2037,0,0
9901,0,0
9982,0,0
6703,0,0
12834,0,0
15277,0,0
6264,0,0
8217,0,0
2465,0,0
13640,0,0
14112,0,0
21301,0,0
18355,0,0
3987,0,0
14254,1,1
21247,0,0
11115,1,1
2691,0,0
4264,0,0
19512,0,0
16291,0,0
8323,0,0
4517,0,0
18438,0,0
11149,0,0
8660,0,0
10885,0,0
13818,0,0
5899,0,0
15594,1,0
17119,0,0
3497,0,0
18302,1,1
13450,0,0
12656,0,0
1847,0,0
14901,0,0
2909,0,0
3162,0,0
19942,0,0
15493,0,0
8764,1,1
21016,0,0
13597,0,0
13525,0,0
14237,0,0
20413,0,0
3022,0,0
21110,0,0
6973,0,0
5373,0,0
10788,0,0
2096,0,0
8192,0,0
103,1,0
7847,0,0
2254,1,1
20187,0,0
14251,0,0
3291,0,0
4600,0,0
15988,0,0
17045,0,0
19046,0,0
8436,0,0
14810,0,0
9444,0,0
180,0,0
19591,0,0
19057,0,0
20834,0,0
18456,0,0
5661,0,0
7047,0,0
20866,0,0
14350,0,0
1280,0,0
20266,0,0
20032,0,0
15332,0,0
1351,0,0
17203,0,0
1499,0,0
10271,0,0
15838,0,0
20885,0,0
7395,0,0
2526,0,0
10236,0,0
6989,0,0
12391,0,0
17785,0,0
8589,0,1
1342,0,0
11485,0,0
17024,0,0
904,0,0
19699,0,0
13487,0,0
2983,0,0
11483,0,0
11730,0,0
413,0,0
15586,0,0
19656,0,0
10821,0,0
16604,0,0
12542,0,0
15162,0,0
17351,0,0
10683,1,1
17191,0,0
16587,0,0
19576,0,0
14088,0,0
16408,0,0
9174,0,0
5417,0,0
18280,0,0
11922,0,0
8263,0,0
4777,0,0
19888,0,0
11978,0,0
17206,0,0
7014,0,0
13404,0,0
9593,0,0
581,0,0
7696,0,0
3819,0,0
5625,0,0
9016,0,0
13388,0,0
11502,0,0
8067,0,0
5986,0,0
2675,0,0
18514,0,0
16621,0,0
13481,0,1
6018,0,0
14091,0,0
6321,0,0
7770,0,0
5100,0,0
6631,0,0
14851,0,0
4938,0,0
12181,0,0
21209,0,0
14941,0,0
17236,0,0
2577,0,0
13654,0,0
16393,0,0
11241,0,0
8969,0,0
19433,1,1
14964,0,0
17359,0,0
10077,0,0
8259,0,0
16983,0,0
8590,0,0
2991,0,0
14682,1,1
2708,0,0
13452,0,0
21242,0,0
14995,1,1
16723,0,0
20509,0,0
2749,0,1
12342,0,0
2856,0,0
17017,0,0
12549,0,0
3921,1,1
4008,0,0
14486,0,0
5339,0,0
16689,0,1
11211,0,0
7359,0,0
7708,0,0
2922,0,0
14382,0,0
9341,0,0
16169,0,0
190,0,0
11689,0,0
15749,0,0
12114,0,0
8545,0,0
14336,0,0
715,0,0
11278,1,0
17787,0,0
18897,0,0
4916,0,0
6076,0,0
10608,0,0
3845,0,0
17160,0,0
11247,0,0
8463,0,0
10075,0,0
369,0,0
16813,0,0
11048,0,0
1566,0,0
0,0,0
12615,0,0
12340,0,0
21481,0,0
6793,0,0
13385,0,0
12523,0,0
20893,0,0
13529,1,1
14141,0,0
14147,0,0
3815,0,0
18132,0,0
16893,0,0
7184,0,0
2689,0,0
11095,0,0
19260,1,1
10682,0,0
14545,1,1
1712,0,0
14404,0,0
20299,0,0
15906,0,0
20096,1,1
301,0,0
15579,0,0
2980,0,0
906,0,0
12670,0,0
6129,0,0
10747,0,0
660,0,0
20524,0,0
10481,0,0
20166,1,0
13677,0,0
8032,0,0
15900,0,0
14583,0,0
12756,0,0
5368,1,1
13095,0,0
2858,1,1
271,0,0
9126,0,0
18443,0,0
10223,0,0
281,0,0
12848,0,0
734,0,0
19628,0,0
20190,0,0
15655,0,0
827,0,0
1204,0,0
15297,1,0
4347,0,0
21510,0,0
8601,0,0
18296,0,0
3691,0,0
2954,0,0
4566,0,0
15444,0,0
7786,0,0
11227,0,0
21118,0,0
11299,0,0
9405,0,0
12729,0,0
14164,0,0
18460,0,1
2218,0,0
3696,0,0
17665,0,0
12516,0,0
17470,1,1
798,0,0
6858,0,0
1234,0,0
19172,0,0
19873,0,0
9630,0,0
13377,0,0
16825,1,1
18549,0,0
5441,0,0
4476,0,0
9146,0,0
10124,0,0
226,0,0
5720,0,0
14675,0,0
9589,0,0
17541,0,0
1016,0,0
18003,0,0
8052,0,0
12032,0,0
11418,0,0
18649,0,0
11238,0,0
7988,0,0
11017,0,0
18609,0,0
14777,0,0
9666,1,1
294,0,0
7896,0,0
15194,0,0
18740,0,0
10872,0,0
20303,0,0
15783,0,0
7869,0,0
16549,0,0
11971,0,0
15927,0,0
2544,0,0
7144,0,0
10004,0,0
14636,0,0
19331,0,0
8480,0,1
16325,0,0
15569,0,0
15481,0,0
18284,0,0
18586,0,0
2755,0,0
18818,0,0
4586,0,0
17447,0,0
18793,1,1
2844,0,0
199,0,0
20853,0,0
6077,1,1
13573,1,1
9759,0,0
6956,0,0
6730,0,0
2624,0,0
12362,0,0
16523,0,0
13568,0,0
16666,0,0
10410,0,0
2824,0,0
11835,0,0
17745,0,0
6343,0,0
1560,0,0
11386,0,0
2360,0,0
17757,0,0
3020,1,1
7188,0,0
3812,0,0
4947,0,0
9663,0,0
17158,0,0
16092,0,0
8924,0,0
18206,1,1
2327,0,0
19968,0,0
19404,0,0
18551,0,0
468,0,0
12799,0,0
10484,0,0
15376,1,0
12334,0,0
3055,0,0
3385,0,0
6309,0,0
8076,0,0
15634,0,0
374,0,0
5258,0,0
17461,0,0
10417,0,0
10623,0,0
15661,0,0
19228,0,0
4981,0,0
15563,0,0
4085,0,0
17575,0,0
12800,0,0
10234,0,0
6148,0,0
14102,0,0
19477,0,0
13723,0,0
18170,0,0
1953,0,0
1305,0,0
17520,0,0
15317,0,0
2643,0,0
7861,0,0
17610,0,0
13859,0,0
17346,0,0
3073,0,0
9606,0,0
17000,0,0
15111,0,0
14396,0,0
8948,0,0
1339,0,0
12218,0,0
511,0,0
9304,0,0
15292,0,0
2127,0,0
18281,0,1
18525,0,0
10943,0,0
10588,0,0
20236,0,0
13420,0,0
5240,1,0
2686,0,0
5367,0,0
16849,0,0
5857,0,0
17998,0,0
20898,0,0
7475,0,0
4549,0,0
10689,0,0
222,0,0
15217,0,0
9500,0,0
17705,0,0
14525,0,0
21412,0,0
19644,0,0
6820,0,0
10,0,0
13874,0,0
7034,0,0
7037,0,0
8503,0,0
118,0,0
5943,0,0
17668,0,0
16112,0,0
9253,1,1
9291,0,0
15716,0,0
5872,0,0
10174,0,0
12923,0,0
7588,0,0
5340,0,0
18144,0,0
16494,0,0
18039,0,0
17753,0,0
14519,0,0
19451,0,0
15458,0,0
13317,0,0
9882,0,0
3869,1,0
4853,0,0
4697,0,0
21415,0,0
12595,0,0
13422,0,0
12714,0,0
18201,0,0
13680,0,0
835,0,0
15404,0,0
1521,0,0
14107,0,0
10339,0,0
13647,0,0
19155,0,0
11141,0,0
124,0,0
941,0,0
3585,0,0
130,0,0
15012,0,0
7564,0,0
17758,0,0
12080,0,0
444,0,0
12163,0,0
3587,0,0
1294,0,1
4061,0,0
6361,0,0
2829,0,0
21513,0,0
16722,0,0
4772,0,0
10445,0,0
10567,0,0
18902,0,0
5245,0,0
15327,0,0
21109,0,0
2161,0,0
12858,0,0
4320,0,0
13224,1,0
8370,0,0
2819,0,0
231,0,0
6435,0,0
4142,0,0
4649,0,0
21252,0,0
13307,0,0
14132,0,0
6050,0,0
1624,0,0
1975,0,0
16125,0,0
18316,0,0
13888,0,0
6532,0,0
1042,0,0
7889,0,0
4471,0,0
25,0,0
11378,0,0
11538,0,0
15329,0,0
13264,0,0
18867,0,0
6182,0,0
238,0,0
6149,0,0
11808,0,0
10049,0,0
17808,0,0
17869,0,0
13240,0,0
5148,0,0
11598,1,1
19491,0,0
1825,0,0
12285,0,0
8647,0,1
12347,0,0
15023,0,0
2640,0,0
12938,0,0
12377,0,0
12320,0,0
14236,0,0
21601,0,0
14651,0,0
1066,0,0
11394,0,0
19995,0,0
16268,1,0
12058,0,0
3972,0,0
13489,0,0
12467,0,0
16184,1,0
18553,0,0
4513,0,0
15636,0,0
15061,0,1
10503,0,0
16410,0,0
2735,0,0
10705,0,0
7555,0,0
2373,0,0
19328,0,0
10409,0,0
16900,0,0
7158,0,0
12102,0,0
12468,0,0
4618,0,0
14572,0,0
7973,0,0
1721,0,0
7146,0,0
11202,0,0
21054,0,0
20676,0,0
10643,0,0
21279,0,0
1337,0,0
9265,0,0
21329,0,0
16909,0,0
7164,0,0
9494,0,0
8776,0,0
3804,0,0
16770,0,0
15848,1,1
12949,0,0
14699,0,0
13342,0,0
21326,0,0
4447,0,0
16961,0,0
20597,0,0
16737,0,0
6774,0,0
19365,0,0
6775,0,0
11261,0,0
20159,0,0
2325,0,0
12388,0,0
2375,0,0
18967,0,0
10796,0,0
754,0,0
1651,0,0
21003,0,0
9074,0,0
11301,0,0
19009,0,0
17168,0,0
693,0,0
867,0,0
12873,0,0
16378,0,0
10461,0,0
21141,1,1
10013,0,0
5580,0,0
9737,1,1
11183,0,0
9090,0,0
20055,0,0
18421,0,0
8788,0,0
17144,0,0
21263,0,0
9998,0,0
21333,1,1
12253,0,0
14155,0,0
9650,0,0
7584,0,0
10283,1,1
2582,0,0
2780,0,0
15990,0,0
4233,0,0
17378,0,0
19152,0,0
12788,0,0
12412,0,0
11311,0,0
7308,0,0
112,0,0
17149,0,0
3902,0,0
3221,0,0
10288,0,0
1127,0,0
5528,0,0
21495,0,0
2474,0,0
15413,0,0
14635,0,0
3345,0,0
21108,0,0
409,0,0
9019,0,0
7603,0,0
10160,0,0
20680,0,0
12604,0,0
3282,1,0
9796,0,0
8000,0,0
18743,0,0
5433,1,0
5964,0,0
6218,0,0
1489,0,0
21423,0,0
15100,0,0
5492,0,0
13533,0,0
2226,0,0
5603,0,0
7909,0,0
15842,0,0
4371,0,0
14925,0,0
10009,0,0
16884,0,0
72,0,0
11185,0,0
10362,0,0
18732,0,0
4421,0,0
11738,0,0
6893,0,0
12371,0,0
21388,0,0
9592,0,0
9402,1,1
18082,0,0
6555,0,0
11681,0,0
19787,0,0
19850,0,0
17545,0,0
16507,0,0
5193,0,0
5643,0,0
20183,0,0
1345,0,0
21444,0,0
7426,1,1
21608,0,0
6513,0,0
5039,0,0
8540,1,0
9605,0,0
4057,0,0
19139,0,0
8126,0,0
6326,0,0
15687,0,1
6558,0,0
14018,0,0
21222,0,0
3039,1,1
2072,0,0
8530,0,0
3259,0,0
19808,0,0
4322,0,0
12211,1,1
20534,0,1
10447,0,0
494,0,0
21318,0,0
6597,0,0
18724,0,0
5418,0,0
7461,1,0
20689,0,0
8826,0,0
14858,0,0
11813,0,0
4713,0,0
8940,0,0
9992,0,0
20154,1,1
16583,0,0
5511,0,0
1793,0,0
12139,0,0
9856,0,0
4987,0,0
1666,0,0
17742,0,0
9793,0,0
6279,0,0
830,0,0
8991,0,0
4537,0,0
1902,0,0
2929,0,0
13851,1,1
940,0,0
14594,0,0
15511,0,0
7075,0,0
19287,0,0
1079,0,0
4346,0,0
15772,0,0
7226,0,0
12081,0,0
2461,1,1
7881,0,0
14644,0,0
5626,0,0
6630,0,0
14687,0,0
19133,1,1
18074,0,0
2965,0,0
13482,0,0
8366,0,0
9099,0,0
11789,0,0
13517,0,0
17611,0,0
18016,0,0
19461,0,1
14904,0,0
4934,0,0
16860,0,0
10887,0,0
21599,0,0
343,0,0
8108,0,0
2364,0,0
7442,0,0
4448,0,0
20902,0,0
20825,0,0
9870,0,0
14990,0,0
4300,0,0
12220,0,0
9124,0,0
12431,0,0
19120,0,0
19487,0,0
3408,0,0
5323,0,0
17267,0,0
11736,0,0
8522,0,0
17344,0,0
18452,0,0
10509,0,0
19518,0,0
2408,1,0
8627,0,0
15869,0,0
7985,0,0
8440,0,0
17490,0,0
18956,0,0
17974,0,0
5474,0,0
5334,0,0
20225,0,0
15337,0,0
1215,0,0
4178,0,0
16486,0,0
10033,0,0
3737,0,0
13007,0,0
8805,0,0
987,0,0
1275,0,0
5286,0,0
17289,1,0
12699,0,0
6861,0,0
4503,0,0
1366,0,0
20030,0,0
1883,0,0
3550,1,0
4807,0,0
10793,0,0
4580,0,1
13750,0,0
14520,0,0
10991,0,0
625,0,0
16536,0,0
11181,0,0
6439,0,0
3430,0,0
17023,0,0
8492,0,0
1893,0,0
10914,0,0
5400,0,0
8473,0,0
2943,0,0
16809,0,0
7926,0,0
20956,0,0
12485,0,0
4650,0,0
618,0,0
13992,0,0
14193,0,0
8622,0,0
2926,0,0
7996,0,0
3213,0,0
19774,0,0
2483,0,0
9482,0,0
15074,0,0
3571,0,0
2789,0,0
13029,0,0
16205,0,0
14849,0,0
14920,0,0
9991,0,0
14425,0,0
20622,0,0
12059,0,0
5807,0,0
11255,0,0
17170,0,0
9999,0,0
9598,0,0
5748,0,0
11562,0,0
6622,0,0
6210,0,0
2817,0,0
16480,0,0
9179,0,0
17828,0,0
9269,0,0
11748,1,1
1801,0,0
8024,0,0
8812,0,0
875,1,0
2617,0,0
1649,0,0
1375,0,0
9681,0,0
18126,0,0
5509,1,0
19614,0,0
2440,0,0
19707,0,0
3469,0,0
16192,0,0
18160,0,0
88,0,0
18716,1,1
10724,0,0
13975,0,0
17051,0,0
12514,0,0
1091,0,0
7780,0,0
19011,0,0
9133,1,1
19163,0,0
19575,0,0
3625,0,0
8149,0,0
11530,0,0
12624,0,0
6908,0,0
2079,0,0
13631,0,0
13436,0,0
20669,0,0
8253,0,0
11878,1,0
7729,0,0
7104,0,0
14730,0,0
10807,0,0
3728,0,0
5410,0,0
17427,0,0
7972,0,0
9025,0,0
5552,0,0
17729,0,0
14087,0,0
16315,0,0
5379,0,0
12877,0,0
13108,0,0
17472,0,0
6016,0,0
9572,0,0
12302,0,0
14976,0,0
17194,0,0
18704,0,0
5479,0,0
14263,0,0
8375,1,0
1939,0,0
16485,0,0
15394,0,0
21134,0,0
10336,0,0
13074,0,0
21244,0,0
19508,0,0
9825,0,0
6937,0,0
5493,0,0
12162,0,0
11187,0,0
15881,0,0
396,0,0
18837,0,0
6021,0,0
13262,0,0
6060,0,0
8006,0,0
17936,0,0
147,0,0
6073,0,0
4236,0,0
18379,0,0
21212,0,0
12400,0,0
9978,0,0
5805,0,0
1675,0,0
19612,0,0
17061,0,0
9672,0,0
787,0,0
7852,0,0
1153,0,0
3661,0,0
11945,0,1
10103,0,0
1997,0,0
18970,0,0
16165,0,0
10197,0,0
14660,0,0
291,0,0
14502,0,1
17255,0,0
13590,0,0
7361,0,0
6788,0,0
14398,0,0
5910,0,0
14497,0,0
17750,0,0
20361,0,0
4169,0,0
10877,0,0
19973,1,0
17948,0,0
16419,0,0
6873,0,0
5613,0,0
4479,0,0
21162,0,0
12109,0,0
5545,0,0
20873,0,0
7448,0,0
16762,0,0
12805,0,0
17421,0,0
2627,0,0
2369,0,0
7425,0,0
11884,0,0
17775,0,0
16234,0,0
10175,0,0
14965,0,0
11038,0,0
18745,0,0
14736,0,0
10043,0,0
9548,0,0
17986,0,0
18935,0,0
17731,0,0
5111,0,0
15274,0,0
18459,0,0
13401,0,0
14443,0,0
3818,0,0
19065,0,0
14518,0,0
14784,0,0
1276,0,0
13976,0,0
15270,0,0
8310,0,0
7343,1,1
5999,0,0
20284,0,0
4126,0,0
21097,0,0
9350,0,0
11239,0,0
17104,0,0
19356,0,0
19923,0,0
16013,1,0
7704,0,0
5318,0,0
15737,0,0
21152,0,0
13369,0,0
13882,0,0
8334,0,0
15178,0,1
20271,0,0
10671,0,0
7073,0,0
10165,0,0
5854,0,0
16786,0,0
12708,0,0
16993,0,0
4739,0,0
20569,1,1
16801,0,0
20221,0,0
19842,0,0
19462,0,0
8518,0,0
18941,0,0
19917,0,0
13008,0,0
4175,0,0
13584,0,0
1684,0,0
1559,0,0
14301,0,0
15984,0,0
10770,0,0
17162,0,0
14174,0,0
10947,0,0
1583,1,1
3679,0,0
19900,0,0
21147,0,0
18346,0,0
14190,0,0
1182,0,0
2921,0,0
21587,0,0
11524,0,0
2628,0,0
8595,0,0
20428,0,0
11707,0,0
9293,0,0
21043,0,0
925,0,0
16632,0,0
15185,0,0
11226,1,1
18613,0,0
8372,0,0
14737,0,0
18088,0,0
18,0,0
3527,0,0
14182,0,0
14772,0,0
9474,0,0
13236,0,0
8007,0,0
18826,0,0
10022,0,0
9332,0,0
11037,1,0
19169,0,0
12640,0,0
11087,0,1
13407,0,0
10361,0,0
4720,0,0
5442,0,0
7318,0,0
1569,0,0
19531,1,1
5896,0,0
20039,1,0
15675,0,0
7652,1,1
17407,1,1
13509,0,0
21038,0,0
5184,0,0
7776,0,0
14587,0,0
10446,1,1
15542,0,0
7083,0,0
845,0,0
12863,0,0
18938,0,0
12773,0,0
6165,0,0
233,0,0
20914,0,0
3119,0,0
815,0,0
17492,0,0
6352,0,0
5398,0,0
3425,0,0
4445,0,0
18023,0,0
16613,0,0
10592,0,0
2932,0,0
18222,0,0
16675,0,0
361,0,0
16319,0,0
14837,0,0
10212,0,0
9286,0,0
8424,0,0
16576,0,0
20088,0,0
5424,0,0
15875,0,0
13760,0,0
9553,1,1
7496,0,0
5677,0,0
16679,0,0
241,0,0
14663,0,0
1965,0,0
4234,0,0
12935,0,0
7163,0,0
16407,0,0
12511,0,0
2970,0,0
4698,0,0
936,0,0
20201,0,0
7292,0,0
20922,0,0
18232,0,0
6105,0,0
1148,0,0
10709,0,0
14449,0,0
19372,0,0
18776,1,0
2268,0,0
14075,0,0
18991,1,1
8591,0,0
15608,0,0
9875,0,0
13005,0,0
15173,0,0
12295,1,0
7488,0,0
3880,0,0
6553,0,0
5873,0,0
10162,0,0
7137,0,0
16750,0,0
4556,0,0
10496,0,0
5783,0,0
8831,1,0
5307,1,1
4226,0,0
19271,0,0
896,0,0
18656,0,0
24,0,0
14569,0,0
20278,0,0
21390,0,0
15614,0,0
14101,0,0
3100,1,1
20972,0,0
7917,0,0
7055,0,0
249,0,0
15857,0,0
8952,0,0
20700,0,0
16707,0,0
13255,0,0
17029,0,0
14061,0,0
6217,0,0
21126,0,0
18908,0,0
10127,0,0
20399,0,0
12589,0,0
20735,0,0
11933,0,0
10694,0,0
12183,0,0
20237,0,0
6753,0,0
16887,0,0
11521,0,0
21435,0,0
21228,0,0
21509,0,0
15108,1,1
12346,0,0
653,0,0
11534,0,0
10182,0,0
7592,0,0
709,0,0
10345,0,0
7904,0,0
18959,0,0
18454,0,0
10640,0,0
18913,0,0
15060,1,0
5253,0,0
17953,0,0
21037,0,0
135,0,0
4257,0,0
2490,0,0
55,0,0
18013,0,0
11285,0,0
19283,0,0
14157,1,1
16446,0,0
13572,0,0
7637,0,0
21542,0,0
21371,0,0
20789,0,0
11270,0,0
18923,1,0
16785,0,0
19180,0,0
5732,0,0
1686,0,0
438,0,0
242,0,0
230,0,0
14119,0,0
11678,0,0
1018,0,0
14359,0,0
17198,0,0
6275,0,0
9274,1,1
19753,0,0
2545,0,0
17231,0,0
971,0,0
14192,1,0
18093,0,0
18719,0,0
12208,0,0
16862,1,1
9943,0,0
14511,0,0
17655,0,0
3110,0,0
1617,0,0
14630,0,0
20782,0,0
5779,0,0
5970,0,0
7933,1,1
12812,0,0
11670,0,0
13090,0,0
20738,1,1
6670,1,1
2334,0,0
9407,0,0
5618,0,0
18266,1,1
3994,0,0
2406,0,0
6517,0,0
15432,0,0
7444,0,0
5806,0,0
7858,0,0
18107,0,0
9048,0,0
7329,0,0
15420,0,0
17740,0,0
16727,0,0
13520,0,0
14013,1,1
21090,0,0
7689,0,0
523,0,0
16897,0,1
17167,0,0
8916,0,0
7492,0,0
12244,0,0
20677,0,0
15325,0,0
19865,0,0
12318,0,0
17511,0,0
7768,0,0
3595,0,0
7391,1,0
1646,0,0
8173,0,0
7565,0,0
11946,0,0
9738,0,0
200,0,0
17794,0,0
10032,0,0
8087,0,0
12395,0,0
12475,0,0
11237,0,0
13907,0,1
21168,0,0
6100,0,0
8500,0,0
11661,0,0
704,0,0
12306,0,0
7374,0,0
4035,1,0
13569,0,0
8769,0,0
4946,0,0
18364,0,0
9217,0,0
14981,0,0
6378,0,0
9900,0,0
8422,0,0
12553,0,0
15286,1,0
13415,0,0
20837,0,0
8664,0,0
20306,0,0
13021,0,0
17298,0,0
11015,0,0
4420,0,0
17671,0,0
16202,0,0
9757,0,0
9994,1,1
516,0,0
12947,0,0
11785,0,0
20194,0,0
15305,0,0
1427,0,0
16430,1,1
1103,0,0
11897,0,0
15299,0,0
9065,0,0
1093,0,0
10269,0,0
17964,0,0
9414,1,1
10907,0,0
9398,0,0
5617,1,1
20035,0,0
13744,0,0
20785,0,0
7215,0,0
16641,0,0
6110,0,0
3792,0,0
11847,0,0
10825,0,0
17946,0,0
2578,1,1
11711,0,0
18555,0,0
17954,0,0
19766,0,0
232,0,0
79,0,0
16246,0,0
18115,0,0
17280,0,0
1332,0,0
9867,0,0
15587,1,1
2089,0,0
8985,0,0
17035,0,0
12827,0,0
17906,0,0
7398,0,0
10110,0,0
4754,0,0
18958,0,0
5973,0,0
20320,0,0
7593,0,0
15775,0,0
20944,0,0
10097,0,0
14878,0,0
11641,0,0
350,0,0
2342,0,0
7101,0,0
7415,1,1
2963,0,0
15992,0,0
11271,0,0
15055,1,0
12952,0,0
21198,0,0
11765,0,0
5206,0,0
8071,0,0
9420,0,0
9636,0,0
18048,0,0
17868,0,0
13646,0,0
18581,0,0
1947,0,0
21085,0,0
9488,0,0
3614,0,0
3610,0,0
19672,0,0
4139,0,0
15221,0,0
14240,0,1
365,0,0
17218,0,0
3669,0,0
239,0,0
10280,0,0
20203,0,0
11442,1,0
18640,0,0
3552,0,0
1678,0,0
15681,1,1
2555,0,0
6487,0,0
13006,0,0
15968,0,0
17056,0,0
16294,1,1
208,0,0
17860,0,0
3146,0,0
19341,0,0
8264,0,0
19473,0,0
3309,0,0
5272,0,0
14153,0,0
4151,0,0
9191,0,0
17377,0,0
5300,0,0
20077,1,0
7455,0,0
13949,0,0
4266,0,0
17186,0,0
3351,0,0
17838,1,1
15862,0,0
9356,0,0
9752,0,0
17925,0,0
804,0,0
10512,0,0
14267,0,0
1779,0,0
16504,0,0
5366,0,0
8059,0,0
14512,0,0
13759,0,0
13346,0,0
15471,0,0
11807,0,0
15630,0,0
11571,0,0
7648,0,0
15096,0,0
1812,0,0
8922,0,0
21285,0,0
4636,0,0
20418,0,0
6336,0,0
12056,0,0
8361,0,0
15879,0,0
10050,0,0
67,0,0
19003,0,0
11036,0,0
6488,0,0
3072,0,0
410,0,0
4083,0,0
18744,0,0
5944,0,0
17735,0,0
171,0,0
16526,0,0
8421,0,0
1412,0,0
18268,0,0
15540,0,0
8069,0,0
2011,0,0
8485,0,0
472,1,1
2813,0,0
11638,0,0
3255,0,0
6799,0,0
5565,0,0
3517,0,0
21471,0,0
9633,0,0
9879,1,1
16208,0,0
5347,0,0
15375,0,0
3009,1,1
6792,0,0
7694,0,0
9600,0,0
11216,0,0
1987,1,1
15347,1,1
11695,1,1
8811,0,0
20012,0,0
11887,0,0
11147,0,0
19717,0,0
5073,0,0
7651,0,0
8527,0,0
14493,0,0
14733,0,0
2438,0,0
11307,0,0
7454,0,0
20974,0,0
19963,0,0
18159,0,0
5447,0,0
19313,0,0
13223,0,0
16096,0,0
10059,0,0
3374,0,0
19207,0,0
6777,0,0
16861,0,0
21239,0,0
13472,0,0
10813,0,0
8343,0,0
13898,0,0
7834,0,0
5362,0,0
4714,0,0
8350,0,0
1010,0,0
3197,0,0
15392,0,0
19975,0,0
6417,0,0
8017,0,0
15142,0,0
5829,1,1
10232,0,0
18011,0,0
14332,0,0
13454,0,0
18006,0,0
6885,0,0
8897,0,0
20755,1,0
2055,0,0
6232,0,0
2168,0,0
3224,0,0
16310,0,0
3860,0,0
6270,0,0
530,0,0
19914,0,0
12054,0,0
14626,0,0
7946,0,0
12855,0,0
4496,0,0
4391,0,0
12515,0,0
402,0,0
21165,0,0
4538,0,0
12250,0,0
19514,0,0
12344,0,0
3488,0,0
9800,0,0
20667,0,0
13938,0,0
12879,0,0
5419,0,0
8163,1,0
6958,0,0
626,0,0
14208,0,0
15620,0,0
2198,0,0
18893,0,0
5470,0,0
14599,0,0
9869,0,0
14716,1,0
5469,0,0
16653,0,0
9538,1,1
13019,0,0
18025,0,0
10335,0,0
19391,0,0
2771,0,0
19267,0,0
3337,0,0
19925,0,0
8475,0,0
13216,0,0
21523,0,0
19631,0,0
9165,0,0
6727,0,0
12171,0,0
12351,1,1
6549,0,0
18466,0,0
17282,0,0
773,0,0
9739,0,0
13143,0,0
5974,0,0
2299,0,0
20420,0,0
5774,0,0
11529,0,0
17239,0,0
864,0,0
21392,0,0
3505,0,0
10228,0,0
746,0,0
6251,0,0
5199,0,0
11110,0,0
5224,0,0
14627,0,0
18261,0,0
13170,0,0
17518,0,0
17658,0,0
6673,0,0
8693,0,0
13390,0,0
11828,0,0
16640,0,0
17437,0,0
11832,0,0
2783,0,0
16255,0,0
18031,0,0
17412,1,0
14868,0,0
19626,0,1
16988,0,0
20710,0,0
12476,0,0
15441,0,0
14895,0,0
1158,0,0
13752,0,0
16198,0,0
6177,0,0
11218,0,0
20120,0,0
10045,0,0
12477,0,0
20521,0,0
10955,0,0
11113,0,0
13493,0,0
13557,0,0
8094,0,0
9687,0,0
1892,0,0
4743,1,1
11371,0,0
6107,0,0
1816,0,0
16842,0,0
17240,1,0
1842,0,0
11132,0,0
9731,0,0
5427,0,0
7214,0,0
16168,0,0
17533,0,0
16720,1,1
20756,0,0
7725,0,0
20220,0,0
14898,0,0
12763,0,0
16915,0,0
15147,0,0
13808,0,0
16459,0,0
3056,0,0
6968,0,0
19525,0,0
6242,0,0
7992,0,0
4512,0,0
16673,0,0
44,0,0
862,0,0
8638,1,1
7320,0,0
8210,0,0
19012,0,0
18374,0,0
7854,1,1
6160,0,0
20552,0,0
1570,0,0
19084,0,0
9540,0,0
10386,0,0
11363,0,1
3658,0,0
1260,0,0
8461,0,0
18196,0,1
11436,0,0
15977,1,1
15756,0,0
8712,0,0
9370,0,0
13405,0,0
12126,0,0
8521,0,0
3957,1,0
5757,0,0
13253,0,0
13117,0,0
19366,0,0
665,0,0
4652,0,0
17957,0,0
12569,0,0
2729,0,0
13411,1,1
3406,0,0
2042,0,0
20795,0,0
10916,0,0
416,0,0
3956,0,0
3096,0,0
5092,0,0
16432,0,0
5856,0,0
2173,0,0
8082,0,0
20078,0,0
8368,0,0
7903,0,0
4133,0,0
15083,0,0
3403,0,0
5881,0,0
20703,1,1
15562,0,0
5344,0,0
9884,0,0
10743,0,0
7456,0,0
13412,0,0
4076,0,0
19150,0,0
15284,0,0
21084,0,0
3739,0,0
18998,0,0
3216,0,0
16606,0,0
4949,0,0
13040,0,0
11545,0,0
8767,0,0
11956,0,0
16800,0,0
5119,0,0
91,1,1
12085,0,0
2492,0,0
14009,0,0
3006,0,0
9376,0,0
14244,0,0
5581,0,0
12455,1,1
4575,0,0
18110,0,0
4218,1,1
20614,0,0
14126,0,0
6932,0,0
20275,1,0
18926,0,0
11499,0,0
11009,0,0
16807,0,0
2701,0,0
17018,0,0
9805,0,0
10941,0,0
6017,0,0
18541,0,0
6307,0,0
7601,0,0
140,0,0
4880,0,0
14144,0,0
14843,0,0
11596,0,0
13061,0,0
4553,0,0
6578,0,0
4962,0,0
7859,0,0
16353,0,0
18251,0,0
8637,0,0
12993,0,0
5539,0,0
9501,0,0
2419,0,0
10030,0,0
5089,0,0
2631,0,0
9319,0,0
6484,0,0
12277,1,0
2073,0,0
10847,0,0
5409,0,0
12813,0,0
21161,0,0
13251,0,0
14080,0,0
2642,0,0
60,0,0
10340,0,0
2045,0,0
16637,0,0
14742,0,0
21143,1,0
18347,0,0
2143,0,0
18234,0,0
2959,0,0
14815,0,0
12498,0,0
8679,0,0
8426,0,0
19033,0,0
21217,0,0
16972,0,0
9231,0,0
13065,0,0
3139,0,0
10913,1,1
15545,0,0
10207,0,0
7428,1,0
13500,0,0
8300,0,0
2207,0,0
20390,0,0
15591,0,0
8016,0,0
7667,0,0
21395,0,0
13716,0,0
20664,1,1
10526,1,1
15744,0,0
14861,0,0
11633,0,0
19382,0,0
5049,1,1
20484,0,0
5324,0,0
8757,0,0
20813,1,1
9327,0,0
3326,0,0
1586,1,1
19663,0,0
11732,0,0
21367,0,0
1599,0,0
17782,0,0
17197,0,0
11284,1,1
19848,1,1
20624,0,0
19903,0,0
5636,0,0
11288,0,0
14800,0,0
19245,0,0
6843,0,0
19751,0,0
2754,0,0
16821,0,0
18175,0,0
18183,1,0
16356,0,0
8497,0,0
3272,0,0
12667,0,0
13445,0,0
12593,0,0
6123,0,0
10891,0,0
13083,0,0
2366,0,0
2859,0,0
1564,0,0
20711,0,0
12076,0,0
1292,0,0
20076,0,0
16531,0,0
7619,0,0
3155,0,0
4851,0,0
5381,0,0
5130,0,0
2928,0,0
8164,0,0
8716,0,0
15470,0,0
18068,0,0
2163,0,0
9322,1,1
12895,0,0
20043,0,0
19747,0,0
16391,0,0
11601,0,0
21477,1,0
17499,0,0
1648,0,0
5033,0,0
7877,0,0
6434,0,0
1729,0,0
4119,0,0
2394,0,0
19849,0,0
12158,0,0
16661,0,0
14057,0,0
4796,0,0
12106,0,0
10460,1,0
4,0,0
1529,0,0
19744,0,0
6625,0,0
1055,0,1
12586,0,1
16046,0,0
7688,0,0
1026,0,0
7298,0,0
19212,0,0
16344,0,0
6859,0,0
10750,0,0
11793,0,0
6136,0,0
836,0,0
19177,0,0
2232,0,0
9590,0,0
2442,0,0
9945,1,0
5843,0,0
6331,0,0
3240,0,0
9228,0,0
11189,0,0
2581,0,0
7153,0,0
12965,0,0
3781,0,0
1357,0,0
2570,0,0
19678,0,0
17756,1,1
12236,1,1
11107,0,0
1616,0,0
4516,0,0
4067,0,0
20801,0,0
15870,0,0
3981,0,0
14435,0,0
12086,0,0
16706,0,0
9637,0,0
11448,0,0
2066,0,0
16733,0,0
7906,0,0
7517,0,0
13538,0,0
19395,0,0
9561,0,0
6045,1,1
19895,1,0
1474,0,0
16194,0,0
7239,0,0
20886,0,0
12849,0,0
3520,0,0
12992,0,0
4282,0,0
14637,0,0
12049,0,0
18842,0,0
16698,0,0
17419,0,0
15745,0,0
8309,0,0
4469,0,0
21013,0,0
17674,0,0
11069,0,0
19125,0,0
14431,0,0
17181,0,0
10224,0,0
10155,0,0
1807,0,1
12842,0,0
17184,0,0
11515,0,0
14499,0,0
16647,0,0
4668,0,0
488,0,0
9440,0,0
16508,0,0
6587,0,0
11543,0,0
13469,0,0
10170,0,0
6929,0,0
3907,0,0
370,0,0
10474,0,0
6014,0,0
13764,0,0
5703,0,0
3682,0,0
2826,0,0
16589,0,0
18534,0,0
13152,0,0
4993,0,0
7096,0,0
8001,0,0
9278,0,0
19541,0,0
2052,0,0
7015,0,0
19195,0,0
1672,0,0
15763,0,0
8539,1,0
20291,0,0
110,0,0
4892,0,0
10895,0,0
3441,0,0
17219,0,0
8815,0,0
2933,0,0
16738,0,0
14429,0,0
6736,0,0
11791,0,0
8898,0,0
12000,0,0
3944,0,0
18028,0,0
3508,0,0
11267,1,0
13933,0,0
8632,0,0
17504,0,0
19411,0,0
3466,0,0
562,0,0
14023,0,0
12439,0,0
10766,1,1
6240,0,0
4798,0,0
9023,0,0
20844,0,0
5353,0,0
15281,0,0
19772,0,0
14019,0,0
1850,0,0
6465,1,1
16634,0,0
13030,0,0
5211,0,0
19268,0,0
6563,0,0
5533,0,0
10492,0,0
1592,0,0
13037,0,0
5755,1,1
1207,0,0
3881,0,0
7710,1,0
12471,0,0
17733,0,0
3021,0,0
7027,0,0
20409,0,0
16352,1,1
42,0,0
15340,0,0
3861,1,1
12235,0,0
6196,0,0
3725,0,0
2950,0,0
19884,0,0
9947,0,0
16177,0,0
21406,0,0
10999,0,0
10044,0,0
19788,0,0
2913,0,0
1922,0,0
19677,0,0
5,1,1
19729,0,0
8140,0,0
20529,0,0
20535,1,1
12909,0,0
284,0,0
18147,0,0
2564,1,1
3756,0,0
20003,0,0
14788,0,0
12187,0,0
3439,1,0
19281,0,0
7418,0,0
7161,0,0
17938,0,0
20679,0,0
6847,0,0
9774,0,0
6803,0,0
7899,0,0
9635,0,0
16436,0,0
21179,1,0
14816,1,1
21399,0,0
5941,0,0
13620,0,0
15505,0,0
21527,0,0
14180,0,0
20150,0,0
10794,0,0
662,0,0
16297,0,0
1390,0,0
3546,0,0
18167,0,0
